variables,pattern,n,pct
nee|oxygenation|oxygenation_source|imv_status|crrt_status|bun|bicarbonate|pco2_arterial|lactate|inr|bilirubin_total,00000000000,95593,31.28
nee|oxygenation|oxygenation_source|imv_status|crrt_status|bun|bicarbonate|pco2_arterial|lactate|inr|bilirubin_total,00000000001,24808,8.12
nee|oxygenation|oxygenation_source|imv_status|crrt_status|bun|bicarbonate|pco2_arterial|lactate|inr|bilirubin_total,00000000010,17484,5.72
nee|oxygenation|oxygenation_source|imv_status|crrt_status|bun|bicarbonate|pco2_arterial|lactate|inr|bilirubin_total,00000000100,13766,4.5
nee|oxygenation|oxygenation_source|imv_status|crrt_status|bun|bicarbonate|pco2_arterial|lactate|inr|bilirubin_total,00000001110,10764,3.52
nee|oxygenation|oxygenation_source|imv_status|crrt_status|bun|bicarbonate|pco2_arterial|lactate|inr|bilirubin_total,00000001000,10435,3.41
nee|oxygenation|oxygenation_source|imv_status|crrt_status|bun|bicarbonate|pco2_arterial|lactate|inr|bilirubin_total,00000000110,9063,2.97
nee|oxygenation|oxygenation_source|imv_status|crrt_status|bun|bicarbonate|pco2_arterial|lactate|inr|bilirubin_total,00000001100,8768,2.87
nee|oxygenation|oxygenation_source|imv_status|crrt_status|bun|bicarbonate|pco2_arterial|lactate|inr|bilirubin_total,00000000011,8185,2.68
nee|oxygenation|oxygenation_source|imv_status|crrt_status|bun|bicarbonate|pco2_arterial|lactate|inr|bilirubin_total,00000001111,7688,2.52
nee|oxygenation|oxygenation_source|imv_status|crrt_status|bun|bicarbonate|pco2_arterial|lactate|inr|bilirubin_total,01000000000,7538,2.47
nee|oxygenation|oxygenation_source|imv_status|crrt_status|bun|bicarbonate|pco2_arterial|lactate|inr|bilirubin_total,00000000101,7021,2.3
nee|oxygenation|oxygenation_source|imv_status|crrt_status|bun|bicarbonate|pco2_arterial|lactate|inr|bilirubin_total,00000000111,6377,2.09
nee|oxygenation|oxygenation_source|imv_status|crrt_status|bun|bicarbonate|pco2_arterial|lactate|inr|bilirubin_total,01000001110,6046,1.98
nee|oxygenation|oxygenation_source|imv_status|crrt_status|bun|bicarbonate|pco2_arterial|lactate|inr|bilirubin_total,01000001000,5926,1.94
nee|oxygenation|oxygenation_source|imv_status|crrt_status|bun|bicarbonate|pco2_arterial|lactate|inr|bilirubin_total,00000001101,5519,1.81
nee|oxygenation|oxygenation_source|imv_status|crrt_status|bun|bicarbonate|pco2_arterial|lactate|inr|bilirubin_total,01000001100,5169,1.69
nee|oxygenation|oxygenation_source|imv_status|crrt_status|bun|bicarbonate|pco2_arterial|lactate|inr|bilirubin_total,01000001111,4580,1.5
nee|oxygenation|oxygenation_source|imv_status|crrt_status|bun|bicarbonate|pco2_arterial|lactate|inr|bilirubin_total,00000001010,4232,1.38
nee|oxygenation|oxygenation_source|imv_status|crrt_status|bun|bicarbonate|pco2_arterial|lactate|inr|bilirubin_total,01000000001,3490,1.14
nee|oxygenation|oxygenation_source|imv_status|crrt_status|bun|bicarbonate|pco2_arterial|lactate|inr|bilirubin_total,01000001101,3150,1.03
nee|oxygenation|oxygenation_source|imv_status|crrt_status|bun|bicarbonate|pco2_arterial|lactate|inr|bilirubin_total,00000111111,2825,0.92
nee|oxygenation|oxygenation_source|imv_status|crrt_status|bun|bicarbonate|pco2_arterial|lactate|inr|bilirubin_total,01000000100,2745,0.9
nee|oxygenation|oxygenation_source|imv_status|crrt_status|bun|bicarbonate|pco2_arterial|lactate|inr|bilirubin_total,00000001001,2720,0.89
nee|oxygenation|oxygenation_source|imv_status|crrt_status|bun|bicarbonate|pco2_arterial|lactate|inr|bilirubin_total,00000110011,2558,0.84
nee|oxygenation|oxygenation_source|imv_status|crrt_status|bun|bicarbonate|pco2_arterial|lactate|inr|bilirubin_total,01000001010,2251,0.74
nee|oxygenation|oxygenation_source|imv_status|crrt_status|bun|bicarbonate|pco2_arterial|lactate|inr|bilirubin_total,00000001011,2124,0.7
nee|oxygenation|oxygenation_source|imv_status|crrt_status|bun|bicarbonate|pco2_arterial|lactate|inr|bilirubin_total,01000111111,1790,0.59
nee|oxygenation|oxygenation_source|imv_status|crrt_status|bun|bicarbonate|pco2_arterial|lactate|inr|bilirubin_total,01000000101,1643,0.54
nee|oxygenation|oxygenation_source|imv_status|crrt_status|bun|bicarbonate|pco2_arterial|lactate|inr|bilirubin_total,01000000010,1589,0.52
nee|oxygenation|oxygenation_source|imv_status|crrt_status|bun|bicarbonate|pco2_arterial|lactate|inr|bilirubin_total,01000000110,1587,0.52
nee|oxygenation|oxygenation_source|imv_status|crrt_status|bun|bicarbonate|pco2_arterial|lactate|inr|bilirubin_total,00000110111,1570,0.51
nee|oxygenation|oxygenation_source|imv_status|crrt_status|bun|bicarbonate|pco2_arterial|lactate|inr|bilirubin_total,01000001001,1483,0.49
nee|oxygenation|oxygenation_source|imv_status|crrt_status|bun|bicarbonate|pco2_arterial|lactate|inr|bilirubin_total,01000000111,1190,0.39
nee|oxygenation|oxygenation_source|imv_status|crrt_status|bun|bicarbonate|pco2_arterial|lactate|inr|bilirubin_total,00000111110,1169,0.38
nee|oxygenation|oxygenation_source|imv_status|crrt_status|bun|bicarbonate|pco2_arterial|lactate|inr|bilirubin_total,00100000000,1150,0.38
nee|oxygenation|oxygenation_source|imv_status|crrt_status|bun|bicarbonate|pco2_arterial|lactate|inr|bilirubin_total,01000001011,1094,0.36
nee|oxygenation|oxygenation_source|imv_status|crrt_status|bun|bicarbonate|pco2_arterial|lactate|inr|bilirubin_total,01000000011,713,0.23
nee|oxygenation|oxygenation_source|imv_status|crrt_status|bun|bicarbonate|pco2_arterial|lactate|inr|bilirubin_total,00000110001,601,0.2
nee|oxygenation|oxygenation_source|imv_status|crrt_status|bun|bicarbonate|pco2_arterial|lactate|inr|bilirubin_total,00100001110,596,0.2
nee|oxygenation|oxygenation_source|imv_status|crrt_status|bun|bicarbonate|pco2_arterial|lactate|inr|bilirubin_total,00000111011,426,0.14
nee|oxygenation|oxygenation_source|imv_status|crrt_status|bun|bicarbonate|pco2_arterial|lactate|inr|bilirubin_total,01000111110,402,0.13
nee|oxygenation|oxygenation_source|imv_status|crrt_status|bun|bicarbonate|pco2_arterial|lactate|inr|bilirubin_total,00100001111,358,0.12
nee|oxygenation|oxygenation_source|imv_status|crrt_status|bun|bicarbonate|pco2_arterial|lactate|inr|bilirubin_total,01100001110,351,0.11
nee|oxygenation|oxygenation_source|imv_status|crrt_status|bun|bicarbonate|pco2_arterial|lactate|inr|bilirubin_total,00100001100,344,0.11
nee|oxygenation|oxygenation_source|imv_status|crrt_status|bun|bicarbonate|pco2_arterial|lactate|inr|bilirubin_total,00100111110,292,0.1
nee|oxygenation|oxygenation_source|imv_status|crrt_status|bun|bicarbonate|pco2_arterial|lactate|inr|bilirubin_total,00100001101,268,0.09
nee|oxygenation|oxygenation_source|imv_status|crrt_status|bun|bicarbonate|pco2_arterial|lactate|inr|bilirubin_total,00000110010,266,0.09
nee|oxygenation|oxygenation_source|imv_status|crrt_status|bun|bicarbonate|pco2_arterial|lactate|inr|bilirubin_total,01000111011,253,0.08
nee|oxygenation|oxygenation_source|imv_status|crrt_status|bun|bicarbonate|pco2_arterial|lactate|inr|bilirubin_total,01100001111,249,0.08
nee|oxygenation|oxygenation_source|imv_status|crrt_status|bun|bicarbonate|pco2_arterial|lactate|inr|bilirubin_total,01000110011,235,0.08
nee|oxygenation|oxygenation_source|imv_status|crrt_status|bun|bicarbonate|pco2_arterial|lactate|inr|bilirubin_total,01100001100,232,0.08
nee|oxygenation|oxygenation_source|imv_status|crrt_status|bun|bicarbonate|pco2_arterial|lactate|inr|bilirubin_total,00100000010,232,0.08
nee|oxygenation|oxygenation_source|imv_status|crrt_status|bun|bicarbonate|pco2_arterial|lactate|inr|bilirubin_total,00000110101,218,0.07
nee|oxygenation|oxygenation_source|imv_status|crrt_status|bun|bicarbonate|pco2_arterial|lactate|inr|bilirubin_total,01100111110,217,0.07
nee|oxygenation|oxygenation_source|imv_status|crrt_status|bun|bicarbonate|pco2_arterial|lactate|inr|bilirubin_total,01100111111,213,0.07
nee|oxygenation|oxygenation_source|imv_status|crrt_status|bun|bicarbonate|pco2_arterial|lactate|inr|bilirubin_total,01100000000,212,0.07
nee|oxygenation|oxygenation_source|imv_status|crrt_status|bun|bicarbonate|pco2_arterial|lactate|inr|bilirubin_total,00100001000,211,0.07
nee|oxygenation|oxygenation_source|imv_status|crrt_status|bun|bicarbonate|pco2_arterial|lactate|inr|bilirubin_total,00100111111,210,0.07
nee|oxygenation|oxygenation_source|imv_status|crrt_status|bun|bicarbonate|pco2_arterial|lactate|inr|bilirubin_total,00100000001,195,0.06
nee|oxygenation|oxygenation_source|imv_status|crrt_status|bun|bicarbonate|pco2_arterial|lactate|inr|bilirubin_total,00000111101,185,0.06
nee|oxygenation|oxygenation_source|imv_status|crrt_status|bun|bicarbonate|pco2_arterial|lactate|inr|bilirubin_total,00000110000,167,0.05
nee|oxygenation|oxygenation_source|imv_status|crrt_status|bun|bicarbonate|pco2_arterial|lactate|inr|bilirubin_total,00000111010,139,0.05
nee|oxygenation|oxygenation_source|imv_status|crrt_status|bun|bicarbonate|pco2_arterial|lactate|inr|bilirubin_total,01000111101,135,0.04
nee|oxygenation|oxygenation_source|imv_status|crrt_status|bun|bicarbonate|pco2_arterial|lactate|inr|bilirubin_total,00000110110,124,0.04
nee|oxygenation|oxygenation_source|imv_status|crrt_status|bun|bicarbonate|pco2_arterial|lactate|inr|bilirubin_total,01100001101,124,0.04
nee|oxygenation|oxygenation_source|imv_status|crrt_status|bun|bicarbonate|pco2_arterial|lactate|inr|bilirubin_total,00100001010,120,0.04
nee|oxygenation|oxygenation_source|imv_status|crrt_status|bun|bicarbonate|pco2_arterial|lactate|inr|bilirubin_total,00000111001,118,0.04
nee|oxygenation|oxygenation_source|imv_status|crrt_status|bun|bicarbonate|pco2_arterial|lactate|inr|bilirubin_total,01100001000,114,0.04
nee|oxygenation|oxygenation_source|imv_status|crrt_status|bun|bicarbonate|pco2_arterial|lactate|inr|bilirubin_total,00000010011,107,0.04
nee|oxygenation|oxygenation_source|imv_status|crrt_status|bun|bicarbonate|pco2_arterial|lactate|inr|bilirubin_total,00000111100,107,0.04
nee|oxygenation|oxygenation_source|imv_status|crrt_status|bun|bicarbonate|pco2_arterial|lactate|inr|bilirubin_total,00100000100,88,0.03
nee|oxygenation|oxygenation_source|imv_status|crrt_status|bun|bicarbonate|pco2_arterial|lactate|inr|bilirubin_total,00100000011,81,0.03
nee|oxygenation|oxygenation_source|imv_status|crrt_status|bun|bicarbonate|pco2_arterial|lactate|inr|bilirubin_total,01000111001,72,0.02
nee|oxygenation|oxygenation_source|imv_status|crrt_status|bun|bicarbonate|pco2_arterial|lactate|inr|bilirubin_total,01100001010,71,0.02
nee|oxygenation|oxygenation_source|imv_status|crrt_status|bun|bicarbonate|pco2_arterial|lactate|inr|bilirubin_total,00100000110,71,0.02
nee|oxygenation|oxygenation_source|imv_status|crrt_status|bun|bicarbonate|pco2_arterial|lactate|inr|bilirubin_total,01100000010,66,0.02
nee|oxygenation|oxygenation_source|imv_status|crrt_status|bun|bicarbonate|pco2_arterial|lactate|inr|bilirubin_total,00100001001,63,0.02
nee|oxygenation|oxygenation_source|imv_status|crrt_status|bun|bicarbonate|pco2_arterial|lactate|inr|bilirubin_total,01000111010,56,0.02
nee|oxygenation|oxygenation_source|imv_status|crrt_status|bun|bicarbonate|pco2_arterial|lactate|inr|bilirubin_total,00000110100,51,0.02
nee|oxygenation|oxygenation_source|imv_status|crrt_status|bun|bicarbonate|pco2_arterial|lactate|inr|bilirubin_total,01000111100,51,0.02
nee|oxygenation|oxygenation_source|imv_status|crrt_status|bun|bicarbonate|pco2_arterial|lactate|inr|bilirubin_total,00100000111,49,0.02
nee|oxygenation|oxygenation_source|imv_status|crrt_status|bun|bicarbonate|pco2_arterial|lactate|inr|bilirubin_total,01000110111,47,0.02
nee|oxygenation|oxygenation_source|imv_status|crrt_status|bun|bicarbonate|pco2_arterial|lactate|inr|bilirubin_total,01100000001,46,0.02
nee|oxygenation|oxygenation_source|imv_status|crrt_status|bun|bicarbonate|pco2_arterial|lactate|inr|bilirubin_total,00000010000,45,0.01
nee|oxygenation|oxygenation_source|imv_status|crrt_status|bun|bicarbonate|pco2_arterial|lactate|inr|bilirubin_total,00000111000,44,0.01
nee|oxygenation|oxygenation_source|imv_status|crrt_status|bun|bicarbonate|pco2_arterial|lactate|inr|bilirubin_total,01100000110,44,0.01
nee|oxygenation|oxygenation_source|imv_status|crrt_status|bun|bicarbonate|pco2_arterial|lactate|inr|bilirubin_total,00100001011,42,0.01
nee|oxygenation|oxygenation_source|imv_status|crrt_status|bun|bicarbonate|pco2_arterial|lactate|inr|bilirubin_total,01100000100,40,0.01
nee|oxygenation|oxygenation_source|imv_status|crrt_status|bun|bicarbonate|pco2_arterial|lactate|inr|bilirubin_total,00100110011,37,0.01
nee|oxygenation|oxygenation_source|imv_status|crrt_status|bun|bicarbonate|pco2_arterial|lactate|inr|bilirubin_total,01100001001,36,0.01
nee|oxygenation|oxygenation_source|imv_status|crrt_status|bun|bicarbonate|pco2_arterial|lactate|inr|bilirubin_total,00100000101,31,0.01
nee|oxygenation|oxygenation_source|imv_status|crrt_status|bun|bicarbonate|pco2_arterial|lactate|inr|bilirubin_total,01000110010,27,0.01
nee|oxygenation|oxygenation_source|imv_status|crrt_status|bun|bicarbonate|pco2_arterial|lactate|inr|bilirubin_total,00000011011,27,0.01
nee|oxygenation|oxygenation_source|imv_status|crrt_status|bun|bicarbonate|pco2_arterial|lactate|inr|bilirubin_total,01100001011,26,0.01
nee|oxygenation|oxygenation_source|imv_status|crrt_status|bun|bicarbonate|pco2_arterial|lactate|inr|bilirubin_total,00000010001,25,0.01
nee|oxygenation|oxygenation_source|imv_status|crrt_status|bun|bicarbonate|pco2_arterial|lactate|inr|bilirubin_total,01000011011,24,0.01
nee|oxygenation|oxygenation_source|imv_status|crrt_status|bun|bicarbonate|pco2_arterial|lactate|inr|bilirubin_total,01100000111,23,0.01
nee|oxygenation|oxygenation_source|imv_status|crrt_status|bun|bicarbonate|pco2_arterial|lactate|inr|bilirubin_total,00000010010,23,0.01
nee|oxygenation|oxygenation_source|imv_status|crrt_status|bun|bicarbonate|pco2_arterial|lactate|inr|bilirubin_total,01000110001,19,0.01
nee|oxygenation|oxygenation_source|imv_status|crrt_status|bun|bicarbonate|pco2_arterial|lactate|inr|bilirubin_total,01100000101,18,0.01
nee|oxygenation|oxygenation_source|imv_status|crrt_status|bun|bicarbonate|pco2_arterial|lactate|inr|bilirubin_total,01000110110,17,0.01
nee|oxygenation|oxygenation_source|imv_status|crrt_status|bun|bicarbonate|pco2_arterial|lactate|inr|bilirubin_total,00000100001,16,0.01
nee|oxygenation|oxygenation_source|imv_status|crrt_status|bun|bicarbonate|pco2_arterial|lactate|inr|bilirubin_total,00000100000,15,0.0
nee|oxygenation|oxygenation_source|imv_status|crrt_status|bun|bicarbonate|pco2_arterial|lactate|inr|bilirubin_total,01000111000,15,0.0
nee|oxygenation|oxygenation_source|imv_status|crrt_status|bun|bicarbonate|pco2_arterial|lactate|inr|bilirubin_total,01100111011,13,0.0
nee|oxygenation|oxygenation_source|imv_status|crrt_status|bun|bicarbonate|pco2_arterial|lactate|inr|bilirubin_total,00000011001,12,0.0
nee|oxygenation|oxygenation_source|imv_status|crrt_status|bun|bicarbonate|pco2_arterial|lactate|inr|bilirubin_total,00000011000,12,0.0
nee|oxygenation|oxygenation_source|imv_status|crrt_status|bun|bicarbonate|pco2_arterial|lactate|inr|bilirubin_total,00000010100,12,0.0
nee|oxygenation|oxygenation_source|imv_status|crrt_status|bun|bicarbonate|pco2_arterial|lactate|inr|bilirubin_total,01100000011,12,0.0
nee|oxygenation|oxygenation_source|imv_status|crrt_status|bun|bicarbonate|pco2_arterial|lactate|inr|bilirubin_total,00000101101,12,0.0
nee|oxygenation|oxygenation_source|imv_status|crrt_status|bun|bicarbonate|pco2_arterial|lactate|inr|bilirubin_total,00000010101,12,0.0
nee|oxygenation|oxygenation_source|imv_status|crrt_status|bun|bicarbonate|pco2_arterial|lactate|inr|bilirubin_total,00000011110,11,0.0
nee|oxygenation|oxygenation_source|imv_status|crrt_status|bun|bicarbonate|pco2_arterial|lactate|inr|bilirubin_total,01000101000,11,0.0
nee|oxygenation|oxygenation_source|imv_status|crrt_status|bun|bicarbonate|pco2_arterial|lactate|inr|bilirubin_total,00000011111,11,0.0
nee|oxygenation|oxygenation_source|imv_status|crrt_status|bun|bicarbonate|pco2_arterial|lactate|inr|bilirubin_total,<other: 62 patterns each below 11>,258,0.08
